<ImportExportXml version="9.1.0.6032" SolutionPackageVersion="9.1" languagecode="1033" generatedBy="CrmLive" xmlns:xsi="http://www.w3.org/2001/XMLSchema-instance">
  <SolutionManifest>
    <UniqueName>Kochegarova2019</UniqueName>
    <LocalizedNames>
      <LocalizedName description="Kochegarova2019" languagecode="1033" />
    </LocalizedNames>
    <Descriptions>
      <Description description="1.0.0.0: Solution created" languagecode="1033" />
    </Descriptions>
    <Version>1.0.0.0</Version>
    <Managed>0</Managed>
    <Publisher>
      <UniqueName>DefaultPublishercrmoob</UniqueName>
      <LocalizedNames>
        <LocalizedName description="Default Publisher for crmoob" languagecode="1033" />
      </LocalizedNames>
      <Descriptions>
        <Description description="Default publisher for this organization" languagecode="1033" />
      </Descriptions>
      <EMailAddress xsi:nil="true"></EMailAddress>
      <SupportingWebsiteUrl xsi:nil="true"></SupportingWebsiteUrl>
      <CustomizationPrefix>new</CustomizationPrefix>
      <CustomizationOptionValuePrefix>10000</CustomizationOptionValuePrefix>
      <Addresses>
        <Address>
          <AddressNumber>1</AddressNumber>
          <AddressTypeCode xsi:nil="true"></AddressTypeCode>
          <City xsi:nil="true"></City>
          <County xsi:nil="true"></County>
          <Country xsi:nil="true"></Country>
          <Fax xsi:nil="true"></Fax>
          <FreightTermsCode xsi:nil="true"></FreightTermsCode>
          <ImportSequenceNumber xsi:nil="true"></ImportSequenceNumber>
          <Latitude xsi:nil="true"></Latitude>
          <Line1 xsi:nil="true"></Line1>
          <Line2 xsi:nil="true"></Line2>
          <Line3 xsi:nil="true"></Line3>
          <Longitude xsi:nil="true"></Longitude>
          <Name xsi:nil="true"></Name>
          <PostalCode xsi:nil="true"></PostalCode>
          <PostOfficeBox xsi:nil="true"></PostOfficeBox>
          <PrimaryContactName xsi:nil="true"></PrimaryContactName>
          <ShippingMethodCode xsi:nil="true"></ShippingMethodCode>
          <StateOrProvince xsi:nil="true"></StateOrProvince>
          <Telephone1 xsi:nil="true"></Telephone1>
          <Telephone2 xsi:nil="true"></Telephone2>
          <Telephone3 xsi:nil="true"></Telephone3>
          <TimeZoneRuleVersionNumber xsi:nil="true"></TimeZoneRuleVersionNumber>
          <UPSZone xsi:nil="true"></UPSZone>
          <UTCOffset xsi:nil="true"></UTCOffset>
          <UTCConversionTimeZoneCode xsi:nil="true"></UTCConversionTimeZoneCode>
        </Address>
        <Address>
          <AddressNumber>2</AddressNumber>
          <AddressTypeCode xsi:nil="true"></AddressTypeCode>
          <City xsi:nil="true"></City>
          <County xsi:nil="true"></County>
          <Country xsi:nil="true"></Country>
          <Fax xsi:nil="true"></Fax>
          <FreightTermsCode xsi:nil="true"></FreightTermsCode>
          <ImportSequenceNumber xsi:nil="true"></ImportSequenceNumber>
          <Latitude xsi:nil="true"></Latitude>
          <Line1 xsi:nil="true"></Line1>
          <Line2 xsi:nil="true"></Line2>
          <Line3 xsi:nil="true"></Line3>
          <Longitude xsi:nil="true"></Longitude>
          <Name xsi:nil="true"></Name>
          <PostalCode xsi:nil="true"></PostalCode>
          <PostOfficeBox xsi:nil="true"></PostOfficeBox>
          <PrimaryContactName xsi:nil="true"></PrimaryContactName>
          <ShippingMethodCode xsi:nil="true"></ShippingMethodCode>
          <StateOrProvince xsi:nil="true"></StateOrProvince>
          <Telephone1 xsi:nil="true"></Telephone1>
          <Telephone2 xsi:nil="true"></Telephone2>
          <Telephone3 xsi:nil="true"></Telephone3>
          <TimeZoneRuleVersionNumber xsi:nil="true"></TimeZoneRuleVersionNumber>
          <UPSZone xsi:nil="true"></UPSZone>
          <UTCOffset xsi:nil="true"></UTCOffset>
          <UTCConversionTimeZoneCode xsi:nil="true"></UTCConversionTimeZoneCode>
        </Address>
      </Addresses>
    </Publisher>
    <RootComponents>
      <RootComponent type="1" schemaName="new_kochegarova2019" behavior="0" />
      <RootComponent type="1" schemaName="new_kochegarova2019_child" behavior="0" />
      <RootComponent type="1" schemaName="transactioncurrency" behavior="0" />
      <RootComponent type="9" schemaName="new_choose" behavior="0" />
      <RootComponent type="20" id="{5abaaf00-13a7-e911-a965-000d3a1f792d}" behavior="0" />
      <RootComponent type="29" id="{d4440703-c1a7-e911-a965-000d3a1f792d}" behavior="0" />
      <RootComponent type="60" id="{7c95e7d1-30bc-447f-9c35-505524fe2c59}" behavior="0" />
      <RootComponent type="60" id="{8cb7bee7-0a21-40d1-954a-d2449f4aa4f5}" behavior="0" />
      <RootComponent type="60" id="{c450a0f4-0037-4cde-b7f4-2d58796cb87a}" behavior="0" />
      <RootComponent type="61" schemaName="cr486_ribbon_16" behavior="0" />
      <RootComponent type="61" schemaName="cr486_ribbon_32" behavior="0" />
      <RootComponent type="61" schemaName="kochegarova_/image/erase.png" behavior="0" />
      <RootComponent type="61" schemaName="kochegarova_/image/remove.png" behavior="0" />
      <RootComponent type="61" schemaName="kochegarova_/Js/forms/kochegarova2019.js" behavior="0" />
      <RootComponent type="61" schemaName="kochegarova_/Js/forms/showNotification.js" behavior="0" />
      <RootComponent type="61" schemaName="new_delete_image" behavior="0" />
      <RootComponent type="91" id="{3da3d289-bfb2-4255-a252-d557e0d37aed}" schemaName="Kochegarova_task3, Version=1.0.0.0, Culture=neutral, PublicKeyToken=48de40def14505fa" behavior="0" />
      <RootComponent type="92" id="{22bd89dd-97a8-e911-a968-000d3a1f7ca4}" behavior="0" />
      <RootComponent type="92" id="{cdd969cf-97a8-e911-a96a-000d3a1f77e8}" behavior="0" />
    </RootComponents>
    <MissingDependencies>
      <MissingDependency>
        <Required key="0" type="1" schemaName="salesorder" displayName="Order" solution="msdynce_Sales (9.0.4.0076)" />
        <Dependent key="1" type="1" schemaName="transactioncurrency" displayName="Currency" />
      </MissingDependency>
      <MissingDependency>
        <Required key="2" type="1" schemaName="product" displayName="Product" solution="msdynce_ProductManagement (9.0.4.0066)" />
        <Dependent key="1" type="1" schemaName="transactioncurrency" displayName="Currency" />
      </MissingDependency>
      <MissingDependency>
        <Required key="3" type="1" schemaName="quotedetail" displayName="Quote Line" solution="msdynce_Sales (9.0.4.0076)" />
        <Dependent key="1" type="1" schemaName="transactioncurrency" displayName="Currency" />
      </MissingDependency>
      <MissingDependency>
        <Required key="4" type="1" schemaName="salesorderdetail" displayName="Order Line" solution="msdynce_Sales (9.0.4.0076)" />
        <Dependent key="1" type="1" schemaName="transactioncurrency" displayName="Currency" />
      </MissingDependency>
      <MissingDependency>
        <Required key="5" type="1" schemaName="invoice" displayName="Invoice" solution="msdynce_Sales (9.0.4.0076)" />
        <Dependent key="1" type="1" schemaName="transactioncurrency" displayName="Currency" />
      </MissingDependency>
      <MissingDependency>
        <Required key="6" type="1" schemaName="opportunityproduct" displayName="Opportunity Line" solution="msdynce_Sales (9.0.4.0076)" />
        <Dependent key="1" type="1" schemaName="transactioncurrency" displayName="Currency" />
      </MissingDependency>
      <MissingDependency>
        <Required key="7" type="1" schemaName="msdyn_organizationalunit" displayName="Organizational Unit" solution="MicrosoftDynamicsScheduling (1.1.0.60)" />
        <Dependent key="1" type="1" schemaName="transactioncurrency" displayName="Currency" />
      </MissingDependency>
      <MissingDependency>
        <Required key="8" type="1" schemaName="invoicedetail" displayName="Invoice Line" solution="msdynce_Sales (9.0.4.0076)" />
        <Dependent key="1" type="1" schemaName="transactioncurrency" displayName="Currency" />
      </MissingDependency>
      <MissingDependency>
        <Required key="9" type="1" schemaName="opportunity" displayName="Opportunity" solution="msdynce_Sales (9.0.4.0076)" />
        <Dependent key="1" type="1" schemaName="transactioncurrency" displayName="Currency" />
      </MissingDependency>
      <MissingDependency>
        <Required key="10" type="1" schemaName="quote" displayName="Quote" solution="msdynce_Sales (9.0.4.0076)" />
        <Dependent key="1" type="1" schemaName="transactioncurrency" displayName="Currency" />
      </MissingDependency>
      <MissingDependency>
        <Required key="11" type="1" schemaName="new_ebobukh_2018" displayName="ebobukh_2018" solution="Active" />
        <Dependent key="1" type="1" schemaName="transactioncurrency" displayName="Currency" />
      </MissingDependency>
      <MissingDependency>
        <Required key="12" type="50" schemaName=":RibbonDiffXml" parentSchemaName="ribboncustomization" parentDisplayName="Application Ribbons" solution="Active" />
        <Dependent key="13" type="50" schemaName="new_kochegarova2019:RibbonDiffXml" parentSchemaName="ribboncustomization" parentDisplayName="Application Ribbons" />
      </MissingDependency>
    </MissingDependencies>
  </SolutionManifest>
</ImportExportXml>